TÃ­tulo,Texto,Enlace,Avatar,Fecha,Claps,Comentarios,Autor Nombre,Autor Apellido,Autor Avatar
Announcing Angular v20,Minko Gechev,https://medium.com/@mgechev?source=collection_home_page----447683c3d9a3-----0-----------------------------------,https://miro.medium.com/v2/resize:fill:40:40/1*PC5hsShK0vnUFfFVoWjMNg.jpeg,Fecha no disponible,2607,31,Autor,desconocido,https://miro.medium.com/v2/resize:fill:64:64/1*dmbNkD5D-u45r44go_cf0g.png
Build AI-Powered Apps With Genkit and Angular,Angular,https://medium.com/@angularteam?source=collection_home_page----447683c3d9a3-----1-----------------------------------,https://miro.medium.com/v2/resize:fill:40:40/1*jlg3PXZ6PYdUGy40tXybKw.gif,Fecha no disponible,225,6,Autor,desconocido,https://miro.medium.com/v2/resize:fill:64:64/1*dmbNkD5D-u45r44go_cf0g.png
Seamless data fetching with httpResource,Matthieu Riegler,https://medium.com/@matthieuriegler?source=collection_home_page----447683c3d9a3-----2-----------------------------------,https://miro.medium.com/v2/resize:fill:40:40/0*AlVzEVl10P09VRZx.jpg,Fecha no disponible,548,8,Autor,desconocido,https://miro.medium.com/v2/resize:fill:64:64/1*dmbNkD5D-u45r44go_cf0g.png
Angular 19.2 Is Now Available,Angular,https://medium.com/@angularteam?source=collection_home_page----447683c3d9a3-----3-----------------------------------,https://miro.medium.com/v2/resize:fill:40:40/1*jlg3PXZ6PYdUGy40tXybKw.gif,Fecha no disponible,225,6,Autor,desconocido,https://miro.medium.com/v2/resize:fill:64:64/1*dmbNkD5D-u45r44go_cf0g.png
Micro Frontends with Angular and Native Federation,Manfred Steyer,https://medium.com/@manfredsteyer81?source=collection_home_page----447683c3d9a3-----4-----------------------------------,https://miro.medium.com/v2/resize:fill:40:40/0*ie_F70F4bb0alhdm,Fecha no disponible,659,11,Autor,desconocido,https://miro.medium.com/v2/resize:fill:64:64/1*dmbNkD5D-u45r44go_cf0g.png
Angular 2025 Strategy,Minko Gechev,https://medium.com/@mgechev?source=collection_home_page----447683c3d9a3-----5-----------------------------------,https://miro.medium.com/v2/resize:fill:40:40/1*PC5hsShK0vnUFfFVoWjMNg.jpeg,Fecha no disponible,2607,31,Autor,desconocido,https://miro.medium.com/v2/resize:fill:64:64/1*dmbNkD5D-u45r44go_cf0g.png
Try Out the New Signal Input Migrations,Angular,https://medium.com/@angularteam?source=collection_home_page----447683c3d9a3-----6-----------------------------------,https://miro.medium.com/v2/resize:fill:40:40/1*jlg3PXZ6PYdUGy40tXybKw.gif,Fecha no disponible,225,6,Autor,desconocido,https://miro.medium.com/v2/resize:fill:64:64/1*dmbNkD5D-u45r44go_cf0g.png
Meet Angular v19,Minko Gechev,https://medium.com/@mgechev?source=collection_home_page----447683c3d9a3-----7-----------------------------------,https://miro.medium.com/v2/resize:fill:40:40/1*PC5hsShK0vnUFfFVoWjMNg.jpeg,Fecha no disponible,2607,31,Autor,desconocido,https://miro.medium.com/v2/resize:fill:64:64/1*dmbNkD5D-u45r44go_cf0g.png
Angular v19 Release: Join the Watch Parties!,Angular,https://medium.com/@angularteam?source=collection_home_page----447683c3d9a3-----8-----------------------------------,https://miro.medium.com/v2/resize:fill:40:40/1*jlg3PXZ6PYdUGy40tXybKw.gif,Fecha no disponible,225,6,Autor,desconocido,https://miro.medium.com/v2/resize:fill:64:64/1*dmbNkD5D-u45r44go_cf0g.png
Latest updates to effect() in Angular,Angular,https://medium.com/@angularteam?source=collection_home_page----447683c3d9a3-----9-----------------------------------,https://miro.medium.com/v2/resize:fill:40:40/1*jlg3PXZ6PYdUGy40tXybKw.gif,Fecha no disponible,225,6,Autor,desconocido,https://miro.medium.com/v2/resize:fill:64:64/1*dmbNkD5D-u45r44go_cf0g.png
